title,url
еҸ‘йҖҒеә”з”Ёж¶ҲжҒ?https://developer.work.weixin.qq.com/document/path/90236
жӣҙж–°жЁЎзүҲеҚЎзүҮж¶ҲжҒҜ,https://developer.work.weixin.qq.com/document/path/94888
ж’Өеӣһеә”з”Ёж¶ҲжҒҜ,https://developer.work.weixin.qq.com/document/path/94867
жҰӮиҝ°,https://developer.work.weixin.qq.com/document/path/90244
еҲӣе»әзҫӨиҒҠдјҡиҜқ,https://developer.work.weixin.qq.com/document/path/90245
дҝ®ж”№зҫӨиҒҠдјҡиҜқ,https://developer.work.weixin.qq.com/document/path/98913
иҺ·еҸ–зҫӨиҒҠдјҡиҜқ,https://developer.work.weixin.qq.com/document/path/98914
еә”з”ЁжҺЁйҖҒж¶ҲжҒ?https://developer.work.weixin.qq.com/document/path/90248
еҸ‘йҖҒгҖҢеӯҰж ЎйҖҡзҹҘгҖ?https://developer.work.weixin.qq.com/document/path/91609
ж¶ҲжҒҜжҺЁйҖҒй…ҚзҪ®иҜҙжҳ?https://developer.work.weixin.qq.com/document/path/99110
жҰӮиҝ°,https://developer.work.weixin.qq.com/document/path/101039
жҺҘж”¶ж¶ҲжҒҜ,https://developer.work.weixin.qq.com/document/path/100719
жҺҘж”¶дәӢд»¶,https://developer.work.weixin.qq.com/document/path/101027
иў«еҠЁеӣһеӨҚж¶ҲжҒҜ,https://developer.work.weixin.qq.com/document/path/101031
жЁЎжқҝеҚЎзүҮзұ»еһӢ,https://developer.work.weixin.qq.com/document/path/101032
еӣһи°ғе’ҢеӣһеӨҚзҡ„еҠ и§ЈеҜҶж–№жЎ?https://developer.work.weixin.qq.com/document/path/101033
дё»еҠЁеӣһеӨҚж¶ҲжҒҜ,https://developer.work.weixin.qq.com/document/path/101138
иҺ·еҸ–зҫӨиҒҠеҲ—иЎЁ,https://developer.work.weixin.qq.com/document/path/100989
иҺ·еҸ–зҫӨиҒҠдјҡиҜқ,https://developer.work.weixin.qq.com/document/path/101028
дҝ®ж”№зҫӨиҒҠдјҡиҜқ,https://developer.work.weixin.qq.com/document/path/101029
